-- 创建部门表
DROP TABLE IF EXISTS `dept`;
CREATE TABLE if not exists `dept` (
    `deptno` INT (2) NOT NULL COMMENT '部门编号',
    `dname` VARCHAR (14) DEFAULT NULL COMMENT '部门名称',
    `loc` VARCHAR (13) DEFAULT NULL COMMENT '位置',
    PRIMARY KEY (`deptno`)
) ENGINE=INNODB DEFAULT CHARSET=utf8;
-- 插入数据
INSERT INTO `dept` VALUES (10, 'ACCOUNTING', 'NEW YORK');
INSERT INTO `dept` VALUES (20, 'RESEARCH', 'DALLAS');
INSERT INTO `dept` VALUES (30, 'SALES', 'CHICAGO');
INSERT INTO `dept` VALUES (40, 'OPERATIONS', 'BOSTON');


-- 创建员工表
DROP TABLE IF EXISTS `emp`;
CREATE TABLE if not exists `emp` (
    `empno` INT(4) NOT NULL COMMENT '员工编号',
    `ename` VARCHAR(10) DEFAULT NULL COMMENT '员工姓名',
    `job` VARCHAR(9) DEFAULT NULL COMMENT '工作岗位',
    `mgr` INT(4) DEFAULT NULL COMMENT '上级经理',
    `hiredate` DATE DEFAULT NULL,
    `sal` DOUBLE(7,2) DEFAULT NULL,
    `comm` DOUBLE(7,2) DEFAULT NULL,
    `deptno` INT(2) DEFAULT NULL,
    PRIMARY KEY (`empno`),
    KEY `deptno` (`deptno`),
    KEY `sal` (`sal`),
    CONSTRAINT `emp_ibfk_1` FOREIGN KEY (`deptno`) REFERENCES `dept` (`deptno`)
) ENGINE=INNODB DEFAULT CHARSET=utf8 COMMENT='员工表';
-- 插入数据
INSERT INTO `emp` VALUES(7369,'SIMITH','CLERK',7902,'1980-12-17',800,NULL,20);
INSERT INTO `emp` VALUES(7499,'ALLEN','SALESMAN',7698,'1981-02-20',1600,300,30);
INSERT INTO `emp` VALUES(7521,'WARD','SALESMAN',7698,'1981-02-22',1250,500,30);
INSERT INTO `emp` VALUES(7566,'JONES','MANAGER',7839,'1981-04-02',2975,NULL,20);
INSERT INTO `emp` VALUES(7654,'MARTIN','SALESMAN',7698,'1981-09-28',1250,1400,30);
INSERT INTO `emp` VALUES(7698,'BLAKE','MANAGER',7839,'1981-05-01',2850,NULL,30);
INSERT INTO `emp` VALUES(7782,'CLARK','MANAGER',7839,'1981-06-09',2450,NULL,10);
INSERT INTO `emp` VALUES(7788,'SCOTT','ANALYST',7566,'1987-04-19',3000,NULL,20);
INSERT INTO `emp` VALUES(7839,'KING','PRESIDENT',NULL,'1981-11-17',5000,NULL,10);
INSERT INTO `emp` VALUES(7844,'TURNER','SALESMAN',7698,'1981-09-08',1500,NULL,30);
INSERT INTO `emp` VALUES(7876,'ADAMS','CLERK',7788,'1987-05-23',1100,NULL,20);
INSERT INTO `emp` VALUES(7900,'JAMES_TANK','CLERK',7698,'1981-12-03',950,NULL,30);
INSERT INTO `emp` VALUES(7902,'FORD','ANALYST',7566,'1981-12-03',3000,NULL,20);
INSERT INTO `emp` VALUES(7934,'MILLER','CLERK',7782,'1982-01-23',1300,NULL,10);


-- 创建薪水等级表
DROP TABLE IF EXISTS `salgrade`;
CREATE TABLE if not exists `salgrade` (
    `grade` INT(11) DEFAULT NULL,
    `losal` INT(11) DEFAULT NULL,
    `hisal` INT(11) DEFAULT NULL
)ENGINE=INNODB DEFAULT CHARSET=utf8;

INSERT INTO `salgrade` VALUES (1,700,1200);
INSERT INTO `salgrade` VALUES (2,1201,1400);
INSERT INTO `salgrade` VALUES (3,1401,2000);
INSERT INTO `salgrade` VALUES (4,2001,3000);
INSERT INTO `salgrade` VALUES (5,3001,5000);

-- 检查插入的数据
SELECT * FROM dept;
SELECT * FROM emp;
SELECT * FROM salgrade;